Assembly Accession	Assembly Name	Organism Name	Organism Infraspecific Names Breed	Organism Infraspecific Names Strain	Organism Infraspecific Names Cultivar	Organism Infraspecific Names Ecotype	Organism Infraspecific Names Isolate	Organism Infraspecific Names Sex	Annotation Name	Assembly Stats Total Sequence Length	Assembly Level	Assembly Release Date	WGS project accession	Assembly Stats Contig N50	Assembly Stats Scaffold N50	Annotation BUSCO Complete 	Annotation BUSCO Single Copy 	Annotation BUSCO Duplicated 	Annotation BUSCO Fragmented 	Annotation BUSCO Missing 	Annotation BUSCO Lineage 	Assembly Sequencing Tech	Assembly Submitter	Assembly BioProject Accession	Assembly BioSample Accession	Annotation Count Gene Total	Annotation Count Gene Protein-coding	Annotation Count Gene Pseudogene	Annotation Count Gene Non-coding
GCA_000146165.2	ASM14616v2	Shewanella oneidensis MR-1		MR-1					Annotation submitted by TIGR	5131424	Complete Genome	2012-11-02		4969811	4969811								TIGR	PRJNA335	SAMN02604014	4574	4196	235	143
GCF_000146165.2	ASM14616v2	Shewanella oneidensis MR-1		MR-1					NCBI Prokaryotic Genome Annotation Pipeline (PGAP)	5131424	Complete Genome	2012-11-02		4969811	4969811								TIGR	PRJNA335	SAMN02604014	4607	4339	130	138
GCA_000014885.1	ASM1488v1	Shewanella piezotolerans WP3		WP3					Annotation submitted by James D. Watson Institute of Genome Sciences	5396476	Complete Genome	2008-11-13		5396476	5396476								James D. Watson Institute of Genome Sciences	PRJNA17675	SAMN02603456	5047	4933		114
GCF_000014885.1	ASM1488v1	Shewanella piezotolerans WP3		WP3					NCBI Prokaryotic Genome Annotation Pipeline (PGAP)	5396476	Complete Genome	2008-11-13		5396476	5396476								James D. Watson Institute of Genome Sciences	PRJNA17675	SAMN02603456	4630	4443	72	115
GCA_000016065.1	ASM1606v1	Shewanella loihica PV-4		PV-4					Annotation submitted by US DOE Joint Genome Institute	4602594	Complete Genome	2007-03-07		4602594	4602594								US DOE Joint Genome Institute	PRJNA13906	SAMN00623064	3993	3859	11	123
GCF_000016065.1	ASM1606v1	Shewanella loihica PV-4		PV-4					NCBI Prokaryotic Genome Annotation Pipeline (PGAP)	4602594	Complete Genome	2007-03-07		4602594	4602594								US DOE Joint Genome Institute	PRJNA13906	SAMN00623064	4042	3895	22	125
GCA_002075795.1	ASM207579v1	Shewanella japonica		KCTC 22435					Annotation submitted by Korea Polar Research Institute	4975677	Complete Genome	2017-03-31		4975677	4975677							PacBio RS II with P6-C4 chemistry	Korea Polar Research Institute	PRJNA380174	SAMN06628905	4253	4079	49	125
GCF_002075795.1	ASM207579v1	Shewanella japonica		KCTC 22435					NCBI Prokaryotic Genome Annotation Pipeline (PGAP)	4975677	Complete Genome	2017-03-31		4975677	4975677							PacBio RS II with P6-C4 chemistry	Korea Polar Research Institute	PRJNA380174	SAMN06628905	4279	4091	62	126
GCA_000015245.1	ASM1524v1	Shewanella amazonensis SB2B		SB2B					Annotation submitted by DOE Joint Genome Institute	4306142	Complete Genome	2006-12-21		4306142	4306142								DOE Joint Genome Institute	PRJNA13385	SAMN02598298	3785	3645	10	130
GCF_000015245.1	ASM1524v1	Shewanella amazonensis SB2B		SB2B					NCBI Prokaryotic Genome Annotation Pipeline (PGAP)	4306142	Complete Genome	2006-12-21		4306142	4306142								DOE Joint Genome Institute	PRJNA13385	SAMN02598298	3806	3669	7	130
GCA_000019185.1	ASM1918v1	Shewanella halifaxensis HAW-EB4		HAW-EB4					Annotation submitted by US DOE Joint Genome Institute	5226917	Complete Genome	2008-02-07		5226917	5226917								US DOE Joint Genome Institute	PRJNA20241	SAMN02598431	4464	4278	28	158
GCF_000019185.1	ASM1918v1	Shewanella halifaxensis HAW-EB4		HAW-EB4					NCBI Prokaryotic Genome Annotation Pipeline (PGAP)	5226917	Complete Genome	2008-02-07		5226917	5226917								US DOE Joint Genome Institute	PRJNA20241	SAMN02598431	4520	4318	42	160
GCA_000019525.1	ASM1952v1	Shewanella woodyi ATCC 51908		ATCC 51908					Annotation submitted by US DOE Joint Genome Institute	5935403	Complete Genome	2008-03-13		5935403	5935403								US DOE Joint Genome Institute	PRJNA17455	SAMN02598391	5096	4880	52	164
GCF_000019525.1	ASM1952v1	Shewanella woodyi ATCC 51908		ATCC 51908					NCBI Prokaryotic Genome Annotation Pipeline (PGAP)	5935403	Complete Genome	2008-03-13		5935403	5935403								US DOE Joint Genome Institute	PRJNA17455	SAMN02598391	5100	4888	47	165
GCA_000018025.1	ASM1802v1	Shewanella sediminis HAW-EB3		HAW-EB3					Annotation submitted by US DOE Joint Genome Institute (JGI-PGF)	5517674	Complete Genome	2007-09-18		5517674	5517674								US DOE Joint Genome Institute (JGI-PGF)	PRJNA18789	SAMN02598412	4666	4497	4	165
GCF_000018025.1	ASM1802v1	Shewanella sediminis HAW-EB3		HAW-EB3					NCBI Prokaryotic Genome Annotation Pipeline (PGAP)	5517674	Complete Genome	2007-09-18		5517674	5517674								US DOE Joint Genome Institute (JGI-PGF)	PRJNA18789	SAMN02598412	4741	4541	32	168
GCA_000018285.1	ASM1828v1	Shewanella pealeana ATCC 700345		ATCC 700345					Annotation submitted by US DOE Joint Genome Institute	5174581	Complete Genome	2007-10-04		5174581	5174581								US DOE Joint Genome Institute	PRJNA17415	SAMN02598386	4438	4241	17	180
GCF_000018285.1	ASM1828v1	Shewanella pealeana ATCC 700345		ATCC 700345					NCBI Prokaryotic Genome Annotation Pipeline (PGAP)	5174581	Complete Genome	2007-10-04		5174581	5174581								US DOE Joint Genome Institute	PRJNA17415	SAMN02598386	4463	4242	36	185
GCA_000091325.1	ASM9132v1	Shewanella violacea DSS12		DSS12					Annotation submitted by Nara Institute of Science and Technology	4962103	Complete Genome	2010-04-01		4962103	4962103								Nara Institute of Science and Technology	PRJDA34739	SAMD00060963	4515	4346		169
GCF_000091325.1	ASM9132v1	Shewanella violacea DSS12		DSS12					NCBI Prokaryotic Genome Annotation Pipeline (PGAP)	4962103	Complete Genome	2010-04-01		4962103	4962103								Nara Institute of Science and Technology	PRJDA34739	SAMD00060963	4168	3913	81	174
GCA_000013765.1	ASM1376v1	Shewanella denitrificans OS217		OS217					Annotation submitted by DOE Joint Genome Institute	4545906	Complete Genome	2006-04-10		4545906	4545906								DOE Joint Genome Institute	PRJNA13390	SAMN02598300	3905	3754	24	127
GCF_000013765.1	ASM1376v1	Shewanella denitrificans OS217		OS217					NCBI Prokaryotic Genome Annotation Pipeline (PGAP)	4545906	Complete Genome	2006-04-10		4545906	4545906								DOE Joint Genome Institute	PRJNA13390	SAMN02598300	3966	3788	57	121
GCA_007197555.1	ASM719755v1	Shewanella psychropiezotolerans		YLB-06					NCBI Prokaryotic Genome Annotation Pipeline (PGAP)	6449204	Complete Genome	2019-07-20		6449204	6449204							IIIumina Hiseq	Third Institute of Oceanography, State of Oceanic Administration	PRJNA553076	SAMN12228833	5671	5004	511	156
GCF_007197555.1	ASM719755v1	Shewanella psychropiezotolerans		YLB-06					NCBI Prokaryotic Genome Annotation Pipeline (PGAP)	6449204	Complete Genome	2019-07-20		6449204	6449204							IIIumina Hiseq	Third Institute of Oceanography, State of Oceanic Administration	PRJNA553076	SAMN12228833	5775	5263	354	158
GCA_002005305.1	ASM200530v1	Shewanella psychrophila		WP2					Annotation submitted by Shanghai Jiao Tong University	6353406	Complete Genome	2017-02-21		6353406	6353406							Illumina HiSeq; 454	Shanghai Jiao Tong University	PRJNA306925	SAMN04370084	5627	5503		124
GCF_002005305.1	ASM200530v1	Shewanella psychrophila		WP2					NCBI Prokaryotic Genome Annotation Pipeline (PGAP)	6353406	Complete Genome	2017-02-21		6353406	6353406							Illumina HiSeq; 454	Shanghai Jiao Tong University	PRJNA306925	SAMN04370084	5582	5334	113	135
GCA_007004545.3	ASM700454v3	Shewanella eurypsychrophilus		YLB-08					NCBI Prokaryotic Genome Annotation Pipeline (PGAP)	5851320	Complete Genome	2021-07-19		5851320	5851320							IIIumina HiSeq	Third Institute of Oceanography, State of Oceanic Administration	PRJNA553078	SAMN12228874	5035	4826	41	168
GCF_007004545.3	ASM700454v3	Shewanella eurypsychrophilus		YLB-08					NCBI Prokaryotic Genome Annotation Pipeline (PGAP)	5851320	Complete Genome	2021-07-19		5851320	5851320							IIIumina HiSeq	Third Institute of Oceanography, State of Oceanic Administration	PRJNA553078	SAMN12228874	5054	4833	53	168
GCA_007567505.1	ASM756750v1	Shewanella donghaensis		LT17						4912773	Complete Genome	2019-07-29		4912773	4912773							PacBio RS	Korea Institute of Ocean Science and Technology	PRJNA556082	SAMN12340636				
GCF_007567505.1	ASM756750v1	Shewanella donghaensis		LT17					NCBI Prokaryotic Genome Annotation Pipeline (PGAP)	4912773	Complete Genome	2019-07-29		4912773	4912773							PacBio RS	Korea Institute of Ocean Science and Technology	PRJNA556082	SAMN12340636	4181	4013	29	139
GCA_003855395.1	ASM385539v1	Shewanella livingstonensis		LMG 19866					NCBI Prokaryotic Genome Annotation Pipeline	4839879	Complete Genome	2018-12-02		4839879	4839879							PacBio	Korea Polar Research Institute	PRJNA504722	SAMN10397595	4239	3979	136	124
GCF_003855395.1	ASM385539v1	Shewanella livingstonensis		LMG 19866					NCBI Prokaryotic Genome Annotation Pipeline (PGAP)	4839879	Complete Genome	2018-12-02		4839879	4839879							PacBio	Korea Polar Research Institute	PRJNA504722	SAMN10397595	4256	4032	98	126
GCA_003957745.1	ASM395774v1	Shewanella khirikhana		TH2012					Annotation submitted by National Center for Genetic Engineering and Biotechnology (BIOTEC), National Science and Technology	4858998	Complete Genome	2018-12-21		4808629	4808629							PacBio	National Center for Genetic Engineering and Biotechnology (BIOTEC), National Science and Technology	PRJNA378141	SAMN06480555	4303	4176		127
GCF_003957745.1	ASM395774v1	Shewanella khirikhana		TH2012					NCBI Prokaryotic Genome Annotation Pipeline (PGAP)	4858998	Complete Genome	2018-12-21		4808629	4808629							PacBio	National Center for Genetic Engineering and Biotechnology (BIOTEC), National Science and Technology	PRJNA378141	SAMN06480555	4288	4118	41	129
GCA_004295345.1	ASM429534v1	Shewanella maritima		D4-2					NCBI Prokaryotic Genome Annotation Pipeline	4718011	Complete Genome	2019-02-25		4718011	4718011							PacBio RSII	National Marine Biodiversity Institute of Korea	PRJNA522310	SAMN10928316	4036	3742	164	130
GCF_004295345.1	ASM429534v1	Shewanella maritima		D4-2					NCBI Prokaryotic Genome Annotation Pipeline (PGAP)	4718011	Complete Genome	2019-02-25		4718011	4718011							PacBio RSII	National Marine Biodiversity Institute of Korea	PRJNA522310	SAMN10928316	4062	3828	103	131
GCA_006385555.1	ASM638555v1	Shewanella polaris		SM1901					NCBI Prokaryotic Genome Annotation Pipeline (PGAP)	4648537	Complete Genome	2019-06-23		4648537	4648537							PacBio Sequel	Shandong University	PRJNA548024	SAMN12027935	4070	3847	100	123
GCF_006385555.1	ASM638555v1	Shewanella polaris		SM1901					NCBI Prokaryotic Genome Annotation Pipeline (PGAP)	4648537	Complete Genome	2019-06-23		4648537	4648537							PacBio Sequel	Shandong University	PRJNA548024	SAMN12027935	4067	3878	65	124
GCA_020511155.1	ASM2051115v1	Shewanella glacialimarina		TZS-4					NCBI Prokaryotic Genome Annotation Pipeline (PGAP)	4456447	Complete Genome	2021-10-15		4456447	4456447							PacBio	University of Helsinki	PRJNA549918	SAMN12099356	3906	3725	63	118
GCF_020511155.1	ASM2051115v1	Shewanella glacialimarina		TZS-4					NCBI Prokaryotic Genome Annotation Pipeline (PGAP)	4456447	Complete Genome	2021-10-15		4456447	4456447							PacBio	University of Helsinki	PRJNA549918	SAMN12099356	3919	3769	31	119
GCA_017354965.1	ASM1735496v1	Shewanella sedimentimangrovi		FJAT-52962					NCBI Prokaryotic Genome Annotation Pipeline (PGAP)	4242357	Complete Genome	2021-03-15		4242357	4242357							PacBio	Agricultural Bio-resources Research Institute	PRJNA704211	SAMN18035026	3786	3633	24	129
GCF_017354965.1	ASM1735496v1	Shewanella sedimentimangrovi		FJAT-52962					NCBI Prokaryotic Genome Annotation Pipeline (PGAP)	4242357	Complete Genome	2021-03-15		4242357	4242357							PacBio	Agricultural Bio-resources Research Institute	PRJNA704211	SAMN18035026	3791	3634	28	129
GCA_016834455.1	ASM1683445v1	Shewanella litorisediminis		SMK1-12					NCBI Prokaryotic Genome Annotation Pipeline (PGAP)	4237767	Complete Genome	2021-02-08		4237767	4237767							PacBio	Agricultural Bio-resources Research Institute	PRJNA698398	SAMN17717471	3774	3626	17	131
GCF_016834455.1	ASM1683445v1	Shewanella litorisediminis		SMK1-12					NCBI Prokaryotic Genome Annotation Pipeline (PGAP)	4237767	Complete Genome	2021-02-08		4237767	4237767							PacBio	Agricultural Bio-resources Research Institute	PRJNA698398	SAMN17717471	3781	3638	12	131
GCA_017354945.1	ASM1735494v1	Shewanella avicenniae		FJAT-51800					NCBI Prokaryotic Genome Annotation Pipeline (PGAP)	4201682	Complete Genome	2021-03-15		4201682	4201682							PacBio	Agricultural Bio-resources Research Institute	PRJNA704213	SAMN18035030	3723	3587	16	120
GCF_017354945.1	ASM1735494v1	Shewanella avicenniae		FJAT-51800					NCBI Prokaryotic Genome Annotation Pipeline (PGAP)	4201682	Complete Genome	2021-03-15		4201682	4201682							PacBio	Agricultural Bio-resources Research Institute	PRJNA704213	SAMN18035030	3735	3580	35	120
GCA_018223345.1	ASM1822334v1	Shewanella yunxiaonensis		FJAT-54481					NCBI Prokaryotic Genome Annotation Pipeline (PGAP)	3812587	Complete Genome	2021-05-01		3812587	3812587							PacBio	Agricultural Bio-resources Research Institute	PRJNA723418	SAMN18816500	3486	3345	19	122
GCF_018223345.1	ASM1822334v1	Shewanella yunxiaonensis		FJAT-54481					NCBI Prokaryotic Genome Annotation Pipeline (PGAP)	3812587	Complete Genome	2021-05-01		3812587	3812587							PacBio	Agricultural Bio-resources Research Institute	PRJNA723418	SAMN18816500	3491	3353	16	122
GCA_009730655.1	ASM973065v1	Shewanella algae		RQs-106					NCBI Prokaryotic Genome Annotation Pipeline (PGAP)	4990025	Complete Genome	2019-12-05		4990025	4990025							PacBio	Dalian university of technology	PRJNA591395	SAMN13381317	4430	4253	43	134
GCF_009730655.1	ASM973065v1	Shewanella algae		RQs-106					NCBI Prokaryotic Genome Annotation Pipeline (PGAP)	4990025	Complete Genome	2019-12-05		4990025	4990025							PacBio	Dalian university of technology	PRJNA591395	SAMN13381317	4451	4279	39	133
GCA_025402875.1	ASM2540287v1	Shewanella putrefaciens		4H					NCBI Prokaryotic Genome Annotation Pipeline (PGAP)	4631110	Complete Genome	2022-09-26		4589493	4589493							Oxford Nanopore	Wuhan Textile University	PRJNA881029	SAMN30884599	4104	3898	73	133
GCF_025402875.1	ASM2540287v1	Shewanella putrefaciens		4H					NCBI Prokaryotic Genome Annotation Pipeline (PGAP)	4631110	Complete Genome	2022-09-26		4589493	4589493							Oxford Nanopore	Wuhan Textile University	PRJNA881029	SAMN30884599	4104	3898	73	133
GCA_000178875.2	ASM17887v2	Shewanella baltica OS678		OS678					Annotation submitted by US DOE Joint Genome Institute (JGI-PGF)	5368767	Complete Genome	2010-12-21		5288069	5288069							WGS	US DOE Joint Genome Institute (JGI-PGF)	PRJNA47019	SAMN00016780	4761	4536	88	137
GCF_000178875.2	ASM17887v2	Shewanella baltica OS678		OS678					NCBI Prokaryotic Genome Annotation Pipeline (PGAP)	5368767	Complete Genome	2010-12-21		5288069	5288069							WGS	US DOE Joint Genome Institute (JGI-PGF)	PRJNA47019	SAMN00016780	4656	4461	54	141
GCA_024971755.1	ASM2497175v1	Shewanella xiamenensis		HD6416					NCBI Prokaryotic Genome Annotation Pipeline (PGAP)	5041619	Complete Genome	2022-09-06		4834681	4834681							nanopore	The Second Affiliated Hospital of Soochow University	PRJNA755833	SAMN20179462	4461	4266	57	138
GCF_024971755.1	ASM2497175v1	Shewanella xiamenensis		HD6416					NCBI Prokaryotic Genome Annotation Pipeline (PGAP)	5041619	Complete Genome	2022-09-06		4834681	4834681							nanopore	The Second Affiliated Hospital of Soochow University	PRJNA755833	SAMN20179462	4477	4295	44	138
GCA_002215585.1	ASM221558v1	Shewanella marisflavi		EP1					NCBI Prokaryotic Genome Annotation Pipeline	4321452	Complete Genome	2017-07-06		4321452	4321452							PacBio	Hubei Polytechnic University	PRJNA392357	SAMN07296262	3814	3661	26	127
GCF_002215585.1	ASM221558v1	Shewanella marisflavi		EP1					NCBI Prokaryotic Genome Annotation Pipeline (PGAP)	4321452	Complete Genome	2017-07-06		4321452	4321452							PacBio	Hubei Polytechnic University	PRJNA392357	SAMN07296262	3803	3663	15	125
GCA_000014705.1	ASM1470v1	Shewanella frigidimarina NCIMB 400		NCIMB 400					Annotation submitted by DOE Joint Genome Institute	4845257	Complete Genome	2006-09-14		4845257	4845257								DOE Joint Genome Institute	PRJNA13391	SAMN02598301	4199	4029	37	133
GCF_000014705.1	ASM1470v1	Shewanella frigidimarina NCIMB 400		NCIMB 400					NCBI Prokaryotic Genome Annotation Pipeline (PGAP)	4845257	Complete Genome	2006-09-14		4845257	4845257								DOE Joint Genome Institute	PRJNA13391	SAMN02598301	4180	4001	50	129
GCA_019931735.1	ASM1993173v1	Shewanella inventionis		D1489					NCBI Prokaryotic Genome Annotation Pipeline (PGAP)	4831636	Complete Genome	2021-09-13		4831636	4831636							PacBio	Third Institute of Oceanography, Ministry of Natural Resources	PRJNA759840	SAMN21199278	4295	4076	93	126
GCF_019931735.1	ASM1993173v1	Shewanella inventionis		D1489					NCBI Prokaryotic Genome Annotation Pipeline (PGAP)	4831636	Complete Genome	2021-09-13		4831636	4831636							PacBio	Third Institute of Oceanography, Ministry of Natural Resources	PRJNA759840	SAMN21199278	4326	4099	101	126
GCA_019670705.1	ASM1967070v1	Shewanella carassii		TUM17387					Annotation submitted by Toho University	4454556	Complete Genome	2021-05-13		4454556	4454556							illumina MiSeq; Nanopore MinION	Toho University	PRJDB11301	SAMD00284643	4044	3917		127
GCF_019670705.1	ASM1967070v1	Shewanella carassii		TUM17387					NCBI Prokaryotic Genome Annotation Pipeline (PGAP)	4454556	Complete Genome	2021-05-13		4454556	4454556							illumina MiSeq; Nanopore MinION	Toho University	PRJDB11301	SAMD00284643	4003	3828	42	133
GCA_017354925.1	ASM1735492v1	Shewanella cyperi		FJAT-53726					NCBI Prokaryotic Genome Annotation Pipeline (PGAP)	4136074	Complete Genome	2021-03-15		4136074	4136074							PacBio	Agricultural Bio-resources Research Institute	PRJNA704215	SAMN18035052	3676	3534	12	130
GCF_017354925.1	ASM1735492v1	Shewanella cyperi		FJAT-53726					NCBI Prokaryotic Genome Annotation Pipeline (PGAP)	4136074	Complete Genome	2021-03-15		4136074	4136074							PacBio	Agricultural Bio-resources Research Institute	PRJNA704215	SAMN18035052	3691	3545	16	130
GCA_003855155.1	ASM385515v1	Shewanella psychromarinicola		M2					NCBI Prokaryotic Genome Annotation Pipeline	5134949	Chromosome	2018-12-02		5134849	5134949							PacBio; Illumina MiSeq	Korea Polar Research Institute	PRJNA504721	SAMN10397594	4456	4139	192	125
GCF_003855155.1	ASM385515v1	Shewanella psychromarinicola		M2					NCBI Prokaryotic Genome Annotation Pipeline (PGAP)	5134949	Chromosome	2018-12-02		5134849	5134949							PacBio; Illumina MiSeq	Korea Polar Research Institute	PRJNA504721	SAMN10397594	4464	4200	137	127
GCA_004354305.1	ASM435430v1	Shewanella decolorationis		sesselensis						4719362	Chromosome	2019-03-18		879132	4719362							Illumina MiSeq	Laboratoire de Chimie Bacterienne	PRJNA521852	SAMN10916473				
GCF_004354305.1	ASM435430v1	Shewanella decolorationis		sesselensis					NCBI Prokaryotic Genome Annotation Pipeline (PGAP)	4719362	Chromosome	2019-03-18		879132	4719362							Illumina MiSeq	Laboratoire de Chimie Bacterienne	PRJNA521852	SAMN10916473	4203	4050	40	113
GCA_003797885.1	ASM379788v1	Shewanella vesiculosa		LMG 24424					NCBI Prokaryotic Genome Annotation Pipeline	4722637	Scaffold	2018-11-19	RKKD01	306046	306046							Illumina MiSeq	Korea Polar Research Institute	PRJNA504720	SAMN10397593	4105	3952	53	100
GCF_003797885.1	ASM379788v1	Shewanella vesiculosa		LMG 24424					NCBI Prokaryotic Genome Annotation Pipeline (PGAP)	4722637	Scaffold	2018-11-19	RKKD01	306046	306046							Illumina MiSeq	Korea Polar Research Institute	PRJNA504720	SAMN10397593	4075	3943	32	100
GCA_002836945.1	ASM283694v1	Shewanella chilikensis		JC5						4399136	Scaffold	2017-12-12	NIJM01	74867	74867							Illumina HiSeq	National Institute for Communicable Disease Control and Prevention, China CDC	PRJNA388331	SAMN07175131				
GCF_002836945.1	ASM283694v1	Shewanella chilikensis		JC5					NCBI Prokaryotic Genome Annotation Pipeline (PGAP)	4399136	Scaffold	2017-12-12	NIJM01	74867	74867							Illumina HiSeq	National Institute for Communicable Disease Control and Prevention, China CDC	PRJNA388331	SAMN07175131	3954	3839	54	61
GCA_015069875.1	ASM1506987v1	Shewanella benthica		DSM 8812					NCBI Prokaryotic Genome Annotation Pipeline (PGAP)	4034511	Scaffold	2020-10-28	JADDKM01	156363	156363							IIIumina HiSeq	Third Institute of Oceanography, Ministry of Natural Resources	PRJNA665917	SAMN16273954	3408	3297	39	72
GCF_015069875.1	ASM1506987v1	Shewanella benthica		DSM 8812					NCBI Prokaryotic Genome Annotation Pipeline (PGAP)	4034511	Scaffold	2020-10-28	JADDKM01	156363	156363							IIIumina HiSeq	Third Institute of Oceanography, Ministry of Natural Resources	PRJNA665917	SAMN16273954	3435	3227	136	72
GCA_000518605.1	ASM51860v1	Shewanella fidelis ATCC BAA-318		ATCC BAA-318						4798688	Scaffold	2014-01-13	JADX01	221588	360249							Illumina HiSeq 2000	DOE Joint Genome Institute	PRJNA204111	SAMN02584974				
GCF_000518605.1	ASM51860v1	Shewanella fidelis ATCC BAA-318		ATCC BAA-318					NCBI Prokaryotic Genome Annotation Pipeline (PGAP)	4798688	Scaffold	2014-01-13	JADX01	221588	360249							Illumina HiSeq 2000	DOE Joint Genome Institute	PRJNA204111	SAMN02584974	4169	4079	25	65
GCA_000518805.1	ASM51880v1	Shewanella waksmanii ATCC BAA-643		ATCC BAA-643						4971480	Scaffold	2014-01-13	JAEH01	101342	101591							Illumina HiSeq 2000	DOE Joint Genome Institute	PRJNA204050	SAMN02584962				
GCF_000518805.1	ASM51880v1	Shewanella waksmanii ATCC BAA-643		ATCC BAA-643					NCBI Prokaryotic Genome Annotation Pipeline (PGAP)	4971480	Scaffold	2014-01-13	JAEH01	101342	101591							Illumina HiSeq 2000	DOE Joint Genome Institute	PRJNA204050	SAMN02584962	4445	4290	80	75
GCA_018596335.1	ASM1859633v1	Shewanella jiangmenensis		JM162201					NCBI Prokaryotic Genome Annotation Pipeline (PGAP)	4436316	Contig	2021-05-29	JAHEPS01	513416								Illumina NovaSeq platform	Guangdong Institute of Microbiology	PRJNA731032	SAMN19250270	3882	3748	21	113
GCF_018596335.1	ASM1859633v1	Shewanella jiangmenensis		JM162201					NCBI Prokaryotic Genome Annotation Pipeline (PGAP)	4436316	Contig	2021-05-29	JAHEPS01	513416								Illumina NovaSeq platform	Guangdong Institute of Microbiology	PRJNA731032	SAMN19250270	3884	3665	107	112
GCA_003966225.1	ASM396622v1	Shewanella canadensis		HAW-EB2					NCBI Prokaryotic Genome Annotation Pipeline	5676915	Contig	2018-12-23	RXNU01	420709								IIIumina Hiseq	Third Institute of Oceanography, State of Oceanic Administration	PRJNA510207	SAMN10599935	4965	4714	107	144
GCF_003966225.1	ASM396622v1	Shewanella canadensis		HAW-EB2					NCBI Prokaryotic Genome Annotation Pipeline (PGAP)	5676915	Contig	2018-12-23	RXNU01	420709								IIIumina Hiseq	Third Institute of Oceanography, State of Oceanic Administration	PRJNA510207	SAMN10599935	4949	4757	43	149
GCA_014648315.1	ASM1464831v1	Shewanella ulleungensis		JCM 32305					Annotation submitted by WFCC-MIRCEN World Data Centre for Microorganisms (WDCM)	4637519	Contig	2020-09-12	BMQW01	407875								Illumina HiSeq X Ten	WFCC-MIRCEN World Data Centre for Microorganisms (WDCM)	PRJDB10510	SAMD00245335	4043	3958		85
GCF_014648315.1	ASM1464831v1	Shewanella ulleungensis		JCM 32305					NCBI Prokaryotic Genome Annotation Pipeline (PGAP)	4637519	Contig	2020-09-12	BMQW01	407875								Illumina HiSeq X Ten	WFCC-MIRCEN World Data Centre for Microorganisms (WDCM)	PRJDB10510	SAMD00245335	4041	3901	47	93
GCA_023283985.1	ASM2328398v1	Shewanella electrodiphila		DSM 24955					NCBI Prokaryotic Genome Annotation Pipeline (PGAP)	5228065	Contig	2022-05-09	JAKIKU01	368165								MGI DNBSEQ G400	Karolinska Institutet	PRJNA526057	SAMN24537868	4456	4295	53	108
GCF_023283985.1	ASM2328398v1	Shewanella electrodiphila		DSM 24955					NCBI Prokaryotic Genome Annotation Pipeline (PGAP)	5228065	Contig	2022-05-09	JAKIKU01	368165								MGI DNBSEQ G400	Karolinska Institutet	PRJNA526057	SAMN24537868	4459	4187	164	108
GCA_023349125.1	ASM2334912v1	Shewanella corallii		DSM 21332					NCBI Prokaryotic Genome Annotation Pipeline (PGAP)	5126954	Contig	2022-05-12	JAKIKT01	360785								MGI DNBSEQ G400	Karolinska Institutet	PRJNA526057	SAMN24537867	4632	4457	37	138
GCF_023349125.1	ASM2334912v1	Shewanella corallii		DSM 21332					NCBI Prokaryotic Genome Annotation Pipeline (PGAP)	5126954	Contig	2022-05-12	JAKIKT01	360785								MGI DNBSEQ G400	Karolinska Institutet	PRJNA526057	SAMN24537867	4633	4371	124	138
GCA_023283895.1	ASM2328389v1	Shewanella pneumatophori		KCTC 23973					NCBI Prokaryotic Genome Annotation Pipeline (PGAP)	4885725	Contig	2022-05-09	JAKILB01	347162								MGI DNBSEQ G400	Karolinska Institutet	PRJNA526057	SAMN24537875	4286	4122	26	138
GCF_023283895.1	ASM2328389v1	Shewanella pneumatophori		KCTC 23973					NCBI Prokaryotic Genome Annotation Pipeline (PGAP)	4885725	Contig	2022-05-09	JAKILB01	347162								MGI DNBSEQ G400	Karolinska Institutet	PRJNA526057	SAMN24537875	4289	4005	146	138
GCA_003966265.1	ASM396626v1	Shewanella atlantica		HAW-EB5					NCBI Prokaryotic Genome Annotation Pipeline	5392127	Scaffold	2018-12-23	RXNV01	318714	318714							IIIumina Hiseq	Third Institute of Oceanography, State of Oceanic Administration	PRJNA510208	SAMN10599942	4650	4426	98	126
GCF_003966265.1	ASM396626v1	Shewanella atlantica		HAW-EB5					NCBI Prokaryotic Genome Annotation Pipeline (PGAP)	5392127	Scaffold	2018-12-23	RXNV01	318714	318714							IIIumina Hiseq	Third Institute of Oceanography, State of Oceanic Administration	PRJNA510208	SAMN10599942	4648	4466	58	124
GCA_014647855.1	ASM1464785v1	Shewanella gelidii		JCM 30804					Annotation submitted by WFCC-MIRCEN World Data Centre for Microorganisms (WDCM)	3904844	Scaffold	2020-09-12	BMPZ01	315399	512178							Illumina HiSeq X Ten	WFCC-MIRCEN World Data Centre for Microorganisms (WDCM)	PRJDB10510	SAMD00245304	3450	3361		89
GCF_014647855.1	ASM1464785v1	Shewanella gelidii		JCM 30804					NCBI Prokaryotic Genome Annotation Pipeline (PGAP)	3904844	Scaffold	2020-09-12	BMPZ01	315399	512178							Illumina HiSeq X Ten	WFCC-MIRCEN World Data Centre for Microorganisms (WDCM)	PRJDB10510	SAMD00245304	3477	3352	30	95
GCA_014647215.1	ASM1464721v1	Shewanella aestuarii		JCM 17801					Annotation submitted by WFCC-MIRCEN World Data Centre for Microorganisms (WDCM)	3883996	Contig	2020-09-12	BMOT01	303284								Illumina HiSeq X Ten	WFCC-MIRCEN World Data Centre for Microorganisms (WDCM)	PRJDB10510	SAMD00245266	3428	3344		84
GCF_014647215.1	ASM1464721v1	Shewanella aestuarii		JCM 17801					NCBI Prokaryotic Genome Annotation Pipeline (PGAP)	3883996	Contig	2020-09-12	BMOT01	303284								Illumina HiSeq X Ten	WFCC-MIRCEN World Data Centre for Microorganisms (WDCM)	PRJDB10510	SAMD00245266	3412	3304	18	90
GCA_019457885.1	ASM1945788v1	Shewanella nanhaiensis		NR704-98					NCBI Prokaryotic Genome Annotation Pipeline (PGAP)	5683156	Scaffold	2021-08-07	JAHZST01	286188	286188							Illumina	Insititute of Oceanology, Chinese Academy of Sciences	PRJNA750816	SAMN20496741	4901	4713	34	154
GCF_019457885.1	ASM1945788v1	Shewanella nanhaiensis		NR704-98					NCBI Prokaryotic Genome Annotation Pipeline (PGAP)	5683156	Scaffold	2021-08-07	JAHZST01	286188	286188							Illumina	Insititute of Oceanology, Chinese Academy of Sciences	PRJNA750816	SAMN20496741	4921	4595	172	154
GCA_023284065.1	ASM2328406v1	Shewanella gaetbuli		DSM 16422					NCBI Prokaryotic Genome Annotation Pipeline (PGAP)	4038747	Contig	2022-05-09	JAKIKP01	277269								MGI DNBSEQ G400	Karolinska Institutet	PRJNA526057	SAMN24537863	3451	3329	21	101
GCF_023284065.1	ASM2328406v1	Shewanella gaetbuli		DSM 16422					NCBI Prokaryotic Genome Annotation Pipeline (PGAP)	4038747	Contig	2022-05-09	JAKIKP01	277269								MGI DNBSEQ G400	Karolinska Institutet	PRJNA526057	SAMN24537863	3457	3234	122	101
GCA_023349185.1	ASM2334918v1	Shewanella aquimarina		JCM 12193					NCBI Prokaryotic Genome Annotation Pipeline (PGAP)	4412182	Contig	2022-05-12	JAKIKY01	270767								MGI DNBSEQ G400	Karolinska Institutet	PRJNA526057	SAMN24537872	3903	3776	26	101
GCF_023349185.1	ASM2334918v1	Shewanella aquimarina		JCM 12193					NCBI Prokaryotic Genome Annotation Pipeline (PGAP)	4412182	Contig	2022-05-12	JAKIKY01	270767								MGI DNBSEQ G400	Karolinska Institutet	PRJNA526057	SAMN24537872	3903	3686	116	101
GCA_023283775.1	ASM2328377v1	Shewanella seohaensis		CCUG 60900					NCBI Prokaryotic Genome Annotation Pipeline (PGAP)	4662612	Contig	2022-05-09	JAKILE01	250247								MGI DNBSEQ G400	Karolinska Institutet	PRJNA526057	SAMN24537878	4098	3965	11	122
GCF_023283775.1	ASM2328377v1	Shewanella seohaensis		CCUG 60900					NCBI Prokaryotic Genome Annotation Pipeline (PGAP)	4662612	Contig	2022-05-09	JAKILE01	250247								MGI DNBSEQ G400	Karolinska Institutet	PRJNA526057	SAMN24537878	4107	3854	131	122
GCA_012911865.1	ASM1291186v1	Shewanella salipaludis		SHSM-M6					NCBI Prokaryotic Genome Annotation Pipeline (PGAP)	4245197	Contig	2020-04-27	JAAXYH01	241392								Illumina MiSeq	Sungkyunkwan University	PRJNA616415	SAMN14490328	3784	3641	40	103
GCF_012911865.1	ASM1291186v1	Shewanella salipaludis		SHSM-M6					NCBI Prokaryotic Genome Annotation Pipeline (PGAP)	4245197	Contig	2020-04-27	JAAXYH01	241392								Illumina MiSeq	Sungkyunkwan University	PRJNA616415	SAMN14490328	3786	3572	111	103
GCA_000753795.1	ASM75379v1	Shewanella mangrovi		YQH10					NCBI Prokaryotic Genome Annotation Pipeline	4215794	Contig	2014-09-10	JPEO01	233342								Illumina HiSeq	85303	PRJNA253757	SAMN02887322	3486	3384	8	94
GCF_000753795.1	ASM75379v1	Shewanella mangrovi		YQH10					NCBI Prokaryotic Genome Annotation Pipeline (PGAP)	4215794	Contig	2014-09-10	JPEO01	233342								Illumina HiSeq	85303	PRJNA253757	SAMN02887322	3804	3698	9	97
GCA_023284045.1	ASM2328404v1	Shewanella kaireitica		DSM 17170					NCBI Prokaryotic Genome Annotation Pipeline (PGAP)	5071067	Contig	2022-05-09	JAKIKQ01	226225								MGI DNBSEQ G400	Karolinska Institutet	PRJNA526057	SAMN24537864	4379	4252	28	99
GCF_023284045.1	ASM2328404v1	Shewanella kaireitica		DSM 17170					NCBI Prokaryotic Genome Annotation Pipeline (PGAP)	5071067	Contig	2022-05-09	JAKIKQ01	226225								MGI DNBSEQ G400	Karolinska Institutet	PRJNA526057	SAMN24537864	4387	4133	155	99
GCA_023283845.1	ASM2328384v1	Shewanella marinintestina		LMG 21403					NCBI Prokaryotic Genome Annotation Pipeline (PGAP)	4879403	Contig	2022-05-09	JAKILC01	221610								MGI DNBSEQ G400	Karolinska Institutet	PRJNA526057	SAMN24537876	4276	4114	26	136
GCF_023283845.1	ASM2328384v1	Shewanella marinintestina		LMG 21403					NCBI Prokaryotic Genome Annotation Pipeline (PGAP)	4879403	Contig	2022-05-09	JAKILC01	221610								MGI DNBSEQ G400	Karolinska Institutet	PRJNA526057	SAMN24537876	4277	3987	154	136
GCA_012584455.1	ASM1258445v1	Shewanella oncorhynchi		S-1					NCBI Prokaryotic Genome Annotation Pipeline (PGAP)	5035993	Scaffold	2020-04-20	JABAEB01	218480	370180							Illumina NovaSeq	Bursa Uludag University	PRJNA625264	SAMN14596183	4459	4312	73	74
GCF_012584455.1	ASM1258445v1	Shewanella oncorhynchi		S-1					NCBI Prokaryotic Genome Annotation Pipeline (PGAP)	5035993	Scaffold	2020-04-20	JABAEB01	218480	370180							Illumina NovaSeq	Bursa Uludag University	PRJNA625264	SAMN14596183	4445	4220	151	74
GCA_023283605.1	ASM2328360v1	Shewanella schlegeliana		LMG 21406					NCBI Prokaryotic Genome Annotation Pipeline (PGAP)	4865223	Contig	2022-05-09	JAKILN01	192488								MGI DNBSEQ G400	Karolinska Institutet	PRJNA526057	SAMN24537888	4215	4059	33	123
GCF_023283605.1	ASM2328360v1	Shewanella schlegeliana		LMG 21406					NCBI Prokaryotic Genome Annotation Pipeline (PGAP)	4865223	Contig	2022-05-09	JAKILN01	192488								MGI DNBSEQ G400	Karolinska Institutet	PRJNA526057	SAMN24537888	4223	3952	148	123
GCA_018221465.1	ASM1822146v1	Shewanella intestini		MCCC 1A01895					NCBI Prokaryotic Genome Annotation Pipeline (PGAP)	4004822	Scaffold	2021-04-30	JAAIKR01	188934	188934							Illumina	Third Institute of Oceanography China	PRJNA605584	SAMN14072281	3434	3311	38	85
GCF_018221465.1	ASM1822146v1	Shewanella intestini		MCCC 1A01895					NCBI Prokaryotic Genome Annotation Pipeline (PGAP)	4004822	Scaffold	2021-04-30	JAAIKR01	188934	188934							Illumina	Third Institute of Oceanography China	PRJNA605584	SAMN14072281	3444	3227	132	85
GCA_023283825.1	ASM2328382v1	Shewanella olleyana		LMG 21437					NCBI Prokaryotic Genome Annotation Pipeline (PGAP)	4654310	Contig	2022-05-09	JAKILD01	155980								MGI DNBSEQ G400	Karolinska Institutet	PRJNA526057	SAMN24537877	3989	3805	87	97
GCF_023283825.1	ASM2328382v1	Shewanella olleyana		LMG 21437					NCBI Prokaryotic Genome Annotation Pipeline (PGAP)	4654310	Contig	2022-05-09	JAKILD01	155980								MGI DNBSEQ G400	Karolinska Institutet	PRJNA526057	SAMN24537877	3995	3698	200	97
GCA_023283945.1	ASM2328394v1	Shewanella gelidimarina		ATCC 700752					NCBI Prokaryotic Genome Annotation Pipeline (PGAP)	5033801	Contig	2022-05-09	JAKIKW01	148847								MGI DNBSEQ G400	Karolinska Institutet	PRJNA526057	SAMN24537870	4317	4158	45	114
GCF_023283945.1	ASM2328394v1	Shewanella gelidimarina		ATCC 700752					NCBI Prokaryotic Genome Annotation Pipeline (PGAP)	5033801	Contig	2022-05-09	JAKIKW01	148847								MGI DNBSEQ G400	Karolinska Institutet	PRJNA526057	SAMN24537870	4335	4040	181	114
GCA_023283885.1	ASM2328388v1	Shewanella basaltis		KCTC 22121					NCBI Prokaryotic Genome Annotation Pipeline (PGAP)	4347716	Contig	2022-05-09	JAKILA01	146100								MGI DNBSEQ G400	Karolinska Institutet	PRJNA526057	SAMN24537874	3787	3629	62	96
GCF_023283885.1	ASM2328388v1	Shewanella basaltis		KCTC 22121					NCBI Prokaryotic Genome Annotation Pipeline (PGAP)	4347716	Contig	2022-05-09	JAKILA01	146100								MGI DNBSEQ G400	Karolinska Institutet	PRJNA526057	SAMN24537874	3798	3522	180	96
GCA_000614975.1	ASM61497v1	Shewanella marina JCM 15074		JCM 15074						4424648	Contig	2014-03-31	BALM01	142156								Ion PGM	The University of Tokyo	PRJDB631	SAMD00011086				
GCF_000614975.1	ASM61497v1	Shewanella marina JCM 15074		JCM 15074					NCBI Prokaryotic Genome Annotation Pipeline (PGAP)	4424648	Contig	2014-03-31	BALM01	142156								Ion PGM	The University of Tokyo	PRJDB631	SAMD00011086	4071	3615	385	71
GCA_023283485.1	ASM2328348v1	Shewanella glacialipiscicola		LMG 23744					NCBI Prokaryotic Genome Annotation Pipeline (PGAP)	4133602	Contig	2022-05-09	JAKILU01	142039								Illumina MiSeq	Karolinska Institutet	PRJNA526057	SAMN24537895	3623	3481	49	93
GCF_023283485.1	ASM2328348v1	Shewanella glacialipiscicola		LMG 23744					NCBI Prokaryotic Genome Annotation Pipeline (PGAP)	4133602	Contig	2022-05-09	JAKILU01	142039								Illumina MiSeq	Karolinska Institutet	PRJNA526057	SAMN24537895	3627	3381	153	93
GCA_014648335.1	ASM1464833v1	Shewanella litoralis		JCM 32306					Annotation submitted by WFCC-MIRCEN World Data Centre for Microorganisms (WDCM)	4601512	Scaffold	2020-09-12	BMQX01	130757	135455							Illumina HiSeq X Ten	WFCC-MIRCEN World Data Centre for Microorganisms (WDCM)	PRJDB10510	SAMD00245336	4032	3944		88
GCF_014648335.1	ASM1464833v1	Shewanella litoralis		JCM 32306					NCBI Prokaryotic Genome Annotation Pipeline (PGAP)	4601512	Scaffold	2020-09-12	BMQX01	130757	135455							Illumina HiSeq X Ten	WFCC-MIRCEN World Data Centre for Microorganisms (WDCM)	PRJDB10510	SAMD00245336	4048	3894	55	99
GCA_007197645.1	ASM719764v1	Shewanella hanedai		JCM 20706					NCBI Prokaryotic Genome Annotation Pipeline (PGAP)	5939027	Contig	2019-07-20	VKGK01	126784								IIIumina HiSeq	Third Institute of Oceanography, State of Oceanic Administration	PRJNA554513	SAMN12272628	5137	4887	135	115
GCF_007197645.1	ASM719764v1	Shewanella hanedai		JCM 20706					NCBI Prokaryotic Genome Annotation Pipeline (PGAP)	5939027	Contig	2019-07-20	VKGK01	126784								IIIumina HiSeq	Third Institute of Oceanography, State of Oceanic Administration	PRJNA554513	SAMN12272628	5097	4930	51	116
GCA_023283765.1	ASM2328376v1	Shewanella profunda		DSM 15900					NCBI Prokaryotic Genome Annotation Pipeline (PGAP)	4741450	Contig	2022-05-09	JAKILG01	84139								MGI DNBSEQ G400	Karolinska Institutet	PRJNA526057	SAMN24537880	4305	4105	90	110
GCF_023283765.1	ASM2328376v1	Shewanella profunda		DSM 15900					NCBI Prokaryotic Genome Annotation Pipeline (PGAP)	4741450	Contig	2022-05-09	JAKILG01	84139								MGI DNBSEQ G400	Karolinska Institutet	PRJNA526057	SAMN24537880	4313	3978	225	110
GCA_014648295.1	ASM1464829v1	Shewanella saliphila		JCM 32304					Annotation submitted by WFCC-MIRCEN World Data Centre for Microorganisms (WDCM)	4621349	Scaffold	2020-09-12	BMQV01	80661	80661							Illumina HiSeq X Ten	WFCC-MIRCEN World Data Centre for Microorganisms (WDCM)	PRJDB10510	SAMD00245334	4054	3970		84
GCF_014648295.1	ASM1464829v1	Shewanella saliphila		JCM 32304					NCBI Prokaryotic Genome Annotation Pipeline (PGAP)	4621349	Scaffold	2020-09-12	BMQV01	80661	80661							Illumina HiSeq X Ten	WFCC-MIRCEN World Data Centre for Microorganisms (WDCM)	PRJDB10510	SAMD00245334	4094	3932	67	95
GCA_014648035.1	ASM1464803v1	Shewanella algicola		JCM 31091					Annotation submitted by WFCC-MIRCEN World Data Centre for Microorganisms (WDCM)	4938240	Contig	2020-09-12	BMQI01	80156								Illumina HiSeq X Ten	WFCC-MIRCEN World Data Centre for Microorganisms (WDCM)	PRJDB10510	SAMD00245314	4426	4344		82
GCF_014648035.1	ASM1464803v1	Shewanella algicola		JCM 31091					NCBI Prokaryotic Genome Annotation Pipeline (PGAP)	4938240	Contig	2020-09-12	BMQI01	80156								Illumina HiSeq X Ten	WFCC-MIRCEN World Data Centre for Microorganisms (WDCM)	PRJDB10510	SAMD00245314	4478	4278	111	89
GCA_023284025.1	ASM2328402v1	Shewanella abyssi		DSM 17171					NCBI Prokaryotic Genome Annotation Pipeline (PGAP)	5030675	Contig	2022-05-09	JAKIKR01	74080								MGI DNBSEQ G400	Karolinska Institutet	PRJNA526057	SAMN24537865	4422	4245	74	103
GCF_023284025.1	ASM2328402v1	Shewanella abyssi		DSM 17171					NCBI Prokaryotic Genome Annotation Pipeline (PGAP)	5030675	Contig	2022-05-09	JAKIKR01	74080								MGI DNBSEQ G400	Karolinska Institutet	PRJNA526057	SAMN24537865	4431	4118	210	103
GCA_019655335.1	ASM1965533v1	Shewanella hafniensis		ATCC BAA-1207					Annotation submitted by Toho University	4965338	Contig	2021-05-14	BPFD01	48231								Illumina MiSeq	Toho University	PRJDB11301	SAMD00284633	4320	4218		102
GCF_019655335.1	ASM1965533v1	Shewanella hafniensis		ATCC BAA-1207					NCBI Prokaryotic Genome Annotation Pipeline (PGAP)	4965338	Contig	2021-05-14	BPFD01	48231								Illumina MiSeq	Toho University	PRJDB11301	SAMD00284633	4504	4253	118	133
GCA_019655015.1	ASM1965501v1	Shewanella sairae		JCM 11563					Annotation submitted by Toho University	5559731	Contig	2021-05-14	BPEY01	45768								Illumina MiSeq	Toho University	PRJDB11301	SAMD00284627	4814	4685		129
GCF_019655015.1	ASM1965501v1	Shewanella sairae		JCM 11563					NCBI Prokaryotic Genome Annotation Pipeline (PGAP)	5559731	Contig	2021-05-14	BPEY01	45768								Illumina MiSeq	Toho University	PRJDB11301	SAMD00284627	5289	4904	231	154
GCA_023284005.1	ASM2328400v1	Shewanella surugensis		DSM 17177					NCBI Prokaryotic Genome Annotation Pipeline (PGAP)	6083073	Contig	2022-05-09	JAKIKS01	37187								MGI DNBSEQ G400	Karolinska Institutet	PRJNA526057	SAMN24537866	5527	5193	216	118
GCF_023284005.1	ASM2328400v1	Shewanella surugensis		DSM 17177					NCBI Prokaryotic Genome Annotation Pipeline (PGAP)	6083073	Contig	2022-05-09	JAKIKS01	37187								MGI DNBSEQ G400	Karolinska Institutet	PRJNA526057	SAMN24537866	5550	5018	414	118
GCA_003028295.1	ASM302829v1	Shewanella morhuae		CW7					NCBI Prokaryotic Genome Annotation Pipeline	4285700	Contig	2018-04-04	PYSG01	3219938								PacBio	University of Wisconsin-Sheboygan	PRJNA445597	SAMN08793905	3764	3512	115	137
GCF_003028295.1	ASM302829v1	Shewanella morhuae		CW7					NCBI Prokaryotic Genome Annotation Pipeline (PGAP)	4285700	Contig	2018-04-04	PYSG01	3219938								PacBio	University of Wisconsin-Sheboygan	PRJNA445597	SAMN08793905	3743	3532	73	138
GCA_021394275.1	ASM2139427v1	Shewanella indica		CNZ-1						4565217	Scaffold	2022-01-08	QGDA01	1409432	1409432							Illumina HiSeq	Yantai Institute of coastal zone research (CAS)	PRJNA471591	SAMN09212888				
GCF_021394275.1	ASM2139427v1	Shewanella indica		CNZ-1					NCBI Prokaryotic Genome Annotation Pipeline (PGAP)	4565217	Scaffold	2022-01-08	QGDA01	1409432	1409432							Illumina HiSeq	Yantai Institute of coastal zone research (CAS)	PRJNA471591	SAMN09212888	4095	3818	171	106
GCA_001735525.1	ASM173552v1	Shewanella colwelliana		CSB03KR					NCBI Prokaryotic Genome Annotation Pipeline	4642543	Scaffold	2016-09-19	MCBT01	210432	241596							Illumina HiSeq	Chonnam National University	PRJNA328548	SAMN05384437	4133	4003	37	93
GCF_001735525.1	ASM173552v1	Shewanella colwelliana		CSB03KR					NCBI Prokaryotic Genome Annotation Pipeline (PGAP)	4642543	Scaffold	2016-09-19	MCBT01	210432	241596							Illumina HiSeq	Chonnam National University	PRJNA328548	SAMN05384437	4144	4030	21	93
GCA_023283805.1	ASM2328380v1	Shewanella submarina		CCUG 71370					NCBI Prokaryotic Genome Annotation Pipeline (PGAP)	5171589	Contig	2022-05-09	JAKILF01	532540								MGI DNBSEQ G400	Karolinska Institutet	PRJNA526057	SAMN24537879	4677	4495	48	134
GCF_023283805.1	ASM2328380v1	Shewanella submarina		CCUG 71370					NCBI Prokaryotic Genome Annotation Pipeline (PGAP)	5171589	Contig	2022-05-09	JAKILF01	532540								MGI DNBSEQ G400	Karolinska Institutet	PRJNA526057	SAMN24537879	4682	4409	139	134
GCA_023283565.1	ASM2328356v1	Shewanella dokdonensis		CCUG 58667					NCBI Prokaryotic Genome Annotation Pipeline (PGAP)	4075970	Contig	2022-05-09	JAKILQ01	446782								MGI DNBSEQ G400	Karolinska Institutet	PRJNA526057	SAMN24537891	3777	3643	36	98
GCF_023283565.1	ASM2328356v1	Shewanella dokdonensis		CCUG 58667					NCBI Prokaryotic Genome Annotation Pipeline (PGAP)	4075970	Contig	2022-05-09	JAKILQ01	446782								MGI DNBSEQ G400	Karolinska Institutet	PRJNA526057	SAMN24537891	3780	3557	125	98
GCA_900380485.1	ERP106791_PRJEB24924	Shewanella algidipiscicola					1Shewanella algidipiscicola H1			4138380	Contig	2018-06-05	OXJV01	399390									CNRS - CENTRE NATIONAL DE LA RECHERCHE SCIENTIFIQU	PRJEB24924	SAMEA4591064				
GCF_900380485.1	ERP106791_PRJEB24924	Shewanella algidipiscicola					1Shewanella algidipiscicola H1		NCBI Prokaryotic Genome Annotation Pipeline (PGAP)	4138380	Contig	2018-06-05	OXJV01	399390									CNRS - CENTRE NATIONAL DE LA RECHERCHE SCIENTIFIQU	PRJEB24924	SAMEA4591064	3705	3516	68	121
GCA_022398355.1	ASM2239835v1	Shewanella insulae		M14-00200					NCBI Prokaryotic Genome Annotation Pipeline (PGAP)	4431966	Contig	2022-02-25	JAKEVG01	170190								Illumina HiSeq	NSW Department of Primary Industries	PRJNA795272	SAMN24777663	3953	3800	17	136
GCF_022398355.1	ASM2239835v1	Shewanella insulae		M14-00200					NCBI Prokaryotic Genome Annotation Pipeline (PGAP)	4431966	Contig	2022-02-25	JAKEVG01	170190								Illumina HiSeq	NSW Department of Primary Industries	PRJNA795272	SAMN24777663	3958	3703	119	136
GCA_004342405.1	ASM434240v1	Shewanella fodinae		74A					Annotation submitted by DOE Joint Genome Institute	4034972	Scaffold	2019-03-11	SLWF01	99522	101733							Illumina HiSeq	DOE Joint Genome Institute	PRJNA500376	SAMN10362874	3777	3664		111
GCF_004342405.1	ASM434240v1	Shewanella fodinae		74A					NCBI Prokaryotic Genome Annotation Pipeline (PGAP)	4034972	Scaffold	2019-03-11	SLWF01	99522	101733							Illumina HiSeq	DOE Joint Genome Institute	PRJNA500376	SAMN10362874	3713	3562	50	101
